EntryTime,EntryBar,Direction,EntryPrice,ExitTime,ExitBar,ExitPrice,BarsHeld,RealizedPoints,MFE,MAE,ExitReason,PendingUsed,ConfirmDelta,MinHoldBars,MinEntryFastGrad,ValidationMinFastGrad,ExitConfirmFastEMADelta,FastExitThreshLong,FastExitThreshShort
2025-11-21 01:14:30,28,LONG,24077.00,2025-11-21 01:27:00,53,24109.00,26,32.00,50.75,5.00,VALIDATION_FAILED:FastGrad<=-1.0998(need>0.18),0,0.00,2,0.35,0.18,0.50,-0.25
2025-11-21 01:28:00,55,LONG,24124.25,2025-11-21 01:31:00,61,24110.00,7,-14.25,5.50,0.00,VALIDATION_FAILED:FastGrad<=-1.9987(need>0.18),0,0.00,2,0.35,0.18,0.50,-0.25
2025-11-21 01:31:30,62,SHORT,24115.00,2025-11-21 01:32:30,64,24127.75,3,-12.75,0.00,13.25,VALIDATION_FAILED:FastGrad>=1.0280(need<-0.18),0,0.00,2,0.35,0.18,0.50,-0.25
2025-11-21 01:33:00,65,LONG,24126.75,2025-11-21 01:36:30,72,24128.25,8,1.50,15.50,0.00,VALIDATION_FAILED:FastGrad<=-0.6050(need>0.18),0,0.00,2,0.35,0.18,0.50,-0.25
2025-11-21 01:37:00,73,SHORT,24117.50,2025-11-21 01:41:00,81,24117.00,9,0.50,10.75,0.00,VALIDATION_FAILED:FastGrad>=0.1954(need<-0.18),0,0.00,2,0.35,0.18,0.50,-0.25
2025-11-21 01:41:30,82,SHORT,24106.75,2025-11-21 01:42:30,84,24118.75,3,-12.00,0.00,6.00,VALIDATION_FAILED:FastGrad>=0.7339(need<-0.18),0,0.00,2,0.35,0.18,0.50,-0.25
2025-11-21 01:43:00,85,LONG,24128.50,2025-11-21 01:50:00,99,24147.75,15,19.25,36.00,5.25,VALIDATION_FAILED:FastGrad<=-0.5105(need>0.18),0,0.00,2,0.35,0.18,0.50,-0.25
2025-11-21 01:50:30,100,SHORT,24141.00,2025-11-21 01:55:30,110,24143.75,11,-2.75,5.00,11.75,VALIDATION_FAILED:FastGrad>=0.3964(need<-0.18),0,0.00,2,0.35,0.18,0.50,-0.25
2025-11-21 01:56:00,111,LONG,24147.50,2025-11-21 01:58:00,115,24140.50,5,-7.00,7.75,0.00,VALIDATION_FAILED:FastGrad<=-1.0227(need>0.18),0,0.00,2,0.35,0.18,0.50,-0.25
2025-11-21 01:58:30,116,SHORT,24138.25,2025-11-21 02:01:00,121,24145.25,6,-7.00,7.75,0.00,VALIDATION_FAILED:FastGrad>=0.9490(need<-0.18),0,0.00,2,0.35,0.18,0.50,-0.25
2025-11-21 02:02:30,124,SHORT,24133.00,2025-11-21 02:05:00,129,24130.00,6,3.00,15.25,0.00,VALIDATION_FAILED:FastGrad>=-0.0079(need<-0.18),0,0.00,2,0.35,0.18,0.50,-0.25
2025-11-21 02:05:30,130,SHORT,24121.75,2025-11-21 02:06:30,132,24142.00,3,-20.25,0.00,14.25,VALIDATION_FAILED:FastGrad>=1.8021(need<-0.18),0,0.00,2,0.35,0.18,0.50,-0.25
2025-11-21 02:07:00,133,LONG,24146.75,2025-11-21 02:13:30,146,24164.00,14,17.25,29.25,0.00,VALIDATION_FAILED:FastGrad<=-0.2764(need>0.18),0,0.00,2,0.35,0.18,0.50,-0.25
2025-11-21 02:14:00,147,LONG,24171.75,2025-11-21 02:16:00,151,24168.50,5,-3.25,1.50,6.75,VALIDATION_FAILED:FastGrad<=0.0723(need>0.18),0,0.00,2,0.35,0.18,0.50,-0.25
2025-11-21 02:16:30,152,SHORT,24159.50,2025-11-21 02:17:30,154,24166.50,3,-7.00,0.00,2.25,VALIDATION_FAILED:FastGrad>=0.1662(need<-0.18),0,0.00,2,0.35,0.18,0.50,-0.25
2025-11-21 02:18:00,155,LONG,24183.25,2025-11-21 02:20:30,160,24178.25,6,-5.00,5.00,2.00,VALIDATION_FAILED:FastGrad<=0.1304(need>0.18),0,0.00,2,0.35,0.18,0.50,-0.25
2025-11-21 02:21:00,161,LONG,24180.75,2025-11-21 02:22:30,164,24178.50,4,-2.25,4.25,0.00,VALIDATION_FAILED:FastGrad<=-0.3180(need>0.18),0,0.00,2,0.35,0.18,0.50,-0.25
2025-11-21 02:30:30,180,SHORT,24182.75,2025-11-21 02:31:30,182,24186.00,3,-3.25,0.00,0.00,VALIDATION_FAILED:FastGrad>=0.0753(need<-0.18),0,0.00,2,0.35,0.18,0.50,-0.25
2025-11-21 02:32:30,184,SHORT,24182.75,2025-11-21 02:35:00,189,24185.50,6,-2.75,2.00,3.75,VALIDATION_FAILED:FastGrad>=0.1779(need<-0.18),0,0.00,2,0.35,0.18,0.50,-0.25
2025-11-21 02:36:00,191,LONG,24191.00,2025-11-21 02:37:30,194,24188.75,4,-2.25,5.00,0.00,VALIDATION_FAILED:FastGrad<=0.0046(need>0.18),0,0.00,2,0.35,0.18,0.50,-0.25
2025-11-21 02:40:00,199,SHORT,24184.00,2025-11-21 02:41:00,201,24192.25,3,-8.25,0.00,3.25,VALIDATION_FAILED:FastGrad>=0.5945(need<-0.18),0,0.00,2,0.35,0.18,0.50,-0.25
2025-11-21 02:45:00,209,SHORT,24189.50,2025-11-21 02:48:00,215,24182.00,7,7.50,23.00,0.00,VALIDATION_FAILED:FastGrad>=0.3685(need<-0.18),0,0.00,2,0.35,0.18,0.50,-0.25
2025-11-21 02:48:30,216,SHORT,24175.25,2025-11-21 02:51:00,221,24176.75,6,-1.50,6.00,0.00,VALIDATION_FAILED:FastGrad>=0.3355(need<-0.18),0,0.00,2,0.35,0.18,0.50,-0.25
2025-11-21 02:51:30,222,LONG,24180.25,2025-11-21 02:54:30,228,24179.75,7,-0.50,10.50,0.00,VALIDATION_FAILED:FastGrad<=-0.4014(need>0.18),0,0.00,2,0.35,0.18,0.50,-0.25
2025-11-21 02:59:30,238,SHORT,24187.50,2025-11-21 03:01:00,241,24191.50,4,-4.00,4.50,0.00,VALIDATION_FAILED:FastGrad>=0.3464(need<-0.18),0,0.00,2,0.35,0.18,0.50,-0.25
2025-11-21 03:01:30,242,LONG,24197.75,2025-11-21 03:04:00,247,24188.75,6,-9.00,5.25,0.25,VALIDATION_FAILED:FastGrad<=-1.0679(need>0.18),0,0.00,2,0.35,0.18,0.50,-0.25
2025-11-21 03:04:30,248,SHORT,24183.25,2025-11-21 03:06:30,252,24185.00,5,-1.75,12.00,0.00,VALIDATION_FAILED:FastGrad>=0.1556(need<-0.18),0,0.00,2,0.35,0.18,0.50,-0.25
2025-11-21 03:07:30,254,LONG,24187.25,2025-11-21 03:09:00,257,24186.00,4,-1.25,0.25,0.25,VALIDATION_FAILED:FastGrad<=0.0662(need>0.18),0,0.00,2,0.35,0.18,0.50,-0.25
2025-11-21 03:09:30,258,LONG,24188.00,2025-11-21 03:10:30,260,24186.75,3,-1.25,0.00,0.25,VALIDATION_FAILED:FastGrad<=0.0896(need>0.18),0,0.00,2,0.35,0.18,0.50,-0.25
2025-11-21 03:11:30,262,LONG,24192.25,2025-11-21 03:13:00,265,24189.00,4,-3.25,6.75,0.00,VALIDATION_FAILED:FastGrad<=-0.2699(need>0.18),0,0.00,2,0.35,0.18,0.50,-0.25
2025-11-21 03:13:30,266,SHORT,24183.25,2025-11-21 03:16:00,271,24200.00,6,-16.75,5.75,0.00,VALIDATION_FAILED:FastGrad>=2.3134(need<-0.18),0,0.00,2,0.35,0.18,0.50,-0.25
2025-11-21 03:16:30,272,LONG,24205.75,2025-11-21 03:21:00,281,24202.75,10,-3.00,2.75,4.00,VALIDATION_FAILED:FastGrad<=-0.0657(need>0.18),0,0.00,2,0.35,0.18,0.50,-0.25
2025-11-21 03:22:00,283,SHORT,24193.25,2025-11-21 03:23:00,285,24216.50,3,-23.25,0.00,7.75,VALIDATION_FAILED:FastGrad>=2.2703(need<-0.18),0,0.00,2,0.35,0.18,0.50,-0.25
2025-11-21 03:23:30,286,LONG,24216.25,2025-11-21 03:28:30,296,24220.00,11,3.75,12.50,3.75,VALIDATION_FAILED:FastGrad<=0.1321(need>0.18),0,0.00,2,0.35,0.18,0.50,-0.25
2025-11-21 03:33:00,305,SHORT,24214.00,2025-11-21 03:39:00,317,24197.50,13,16.50,33.25,0.00,VALIDATION_FAILED:FastGrad>=-0.1530(need<-0.18),0,0.00,2,0.35,0.18,0.50,-0.25
2025-11-21 03:39:30,318,LONG,24212.00,2025-11-21 03:45:30,330,24215.00,13,3.00,16.75,11.00,VALIDATION_FAILED:FastGrad<=-0.7365(need>0.18),0,0.00,2,0.35,0.18,0.50,-0.25
2025-11-21 03:46:00,331,LONG,24227.75,2025-11-21 03:48:00,335,24224.75,5,-3.00,1.50,1.00,VALIDATION_FAILED:FastGrad<=0.1120(need>0.18),0,0.00,2,0.35,0.18,0.50,-0.25
2025-11-21 03:49:00,337,SHORT,24217.50,2025-11-21 03:50:00,339,24222.50,3,-5.00,0.00,0.25,VALIDATION_FAILED:FastGrad>=0.0606(need<-0.18),0,0.00,2,0.35,0.18,0.50,-0.25
2025-11-21 03:50:30,340,SHORT,24219.75,2025-11-21 03:51:30,342,24225.25,3,-5.50,0.00,5.25,VALIDATION_FAILED:FastGrad>=0.4666(need<-0.18),0,0.00,2,0.35,0.18,0.50,-0.25
2025-11-21 03:53:30,346,SHORT,24217.25,2025-11-21 03:57:00,353,24217.25,8,0.00,7.75,0.75,VALIDATION_FAILED:FastGrad>=0.1714(need<-0.18),0,0.00,2,0.35,0.18,0.50,-0.25
2025-11-21 03:58:00,355,LONG,24220.00,2025-11-21 03:59:30,358,24218.50,4,-1.50,5.00,0.00,VALIDATION_FAILED:FastGrad<=-0.0787(need>0.18),0,0.00,2,0.35,0.18,0.50,-0.25
2025-11-21 04:00:00,359,SHORT,24212.75,2025-11-21 04:01:30,362,24213.25,4,-0.50,6.25,0.00,VALIDATION_FAILED:FastGrad>=-0.1320(need<-0.18),0,0.00,2,0.35,0.18,0.50,-0.25
2025-11-21 04:02:00,363,SHORT,24206.50,2025-11-21 04:04:30,368,24209.75,6,-3.25,3.75,0.00,VALIDATION_FAILED:FastGrad>=0.3134(need<-0.18),0,0.00,2,0.35,0.18,0.50,-0.25
2025-11-21 04:08:30,376,LONG,24207.75,2025-11-21 04:09:30,378,24192.25,3,-15.50,0.00,0.50,VALIDATION_FAILED:FastGrad<=-1.8569(need>0.18),0,0.00,2,0.35,0.18,0.50,-0.25
2025-11-21 04:10:00,379,SHORT,24195.75,2025-11-21 04:16:00,391,24175.25,13,20.50,34.00,0.00,VALIDATION_FAILED:FastGrad>=0.3773(need<-0.18),0,0.00,2,0.35,0.18,0.50,-0.25
2025-11-21 04:16:30,392,LONG,24190.25,2025-11-21 04:18:00,395,24183.00,4,-7.25,0.00,5.25,VALIDATION_FAILED:GradientsNotPositive(F:0.5051,S:-0.0069),0,0.00,2,0.35,0.18,0.50,-0.25
2025-11-21 04:18:30,396,LONG,24189.25,2025-11-21 04:20:00,399,24183.25,4,-6.00,0.50,0.00,VALIDATION_FAILED:FastGrad<=-0.1848(need>0.18),0,0.00,2,0.35,0.18,0.50,-0.25
2025-11-21 04:23:30,406,SHORT,24172.50,2025-11-21 04:24:30,408,24189.75,3,-17.25,0.00,9.00,VALIDATION_FAILED:FastGrad>=0.8823(need<-0.18),0,0.00,2,0.35,0.18,0.50,-0.25
2025-11-21 04:25:00,409,LONG,24196.75,2025-11-21 04:27:30,414,24187.75,6,-9.00,0.00,6.00,VALIDATION_FAILED:FastGrad<=-0.3734(need>0.18),0,0.00,2,0.35,0.18,0.50,-0.25
2025-11-21 04:28:30,416,SHORT,24186.25,2025-11-21 04:30:00,419,24190.00,4,-3.75,1.25,0.00,VALIDATION_FAILED:FastGrad>=0.3636(need<-0.18),0,0.00,2,0.35,0.18,0.50,-0.25
2025-11-21 04:30:30,420,SHORT,24182.50,2025-11-21 04:31:30,422,24186.75,3,-4.25,2.75,0.00,VALIDATION_FAILED:FastGrad>=0.1782(need<-0.18),0,0.00,2,0.35,0.18,0.50,-0.25
2025-11-21 04:32:00,423,LONG,24190.00,2025-11-21 04:33:00,425,24187.75,3,-2.25,0.25,0.00,VALIDATION_FAILED:FastGrad<=0.0759(need>0.18),0,0.00,2,0.35,0.18,0.50,-0.25
2025-11-21 04:40:00,439,SHORT,24188.00,2025-11-21 04:41:00,441,24205.50,3,-17.50,0.75,0.00,VALIDATION_FAILED:FastGrad>=1.5057(need<-0.18),0,0.00,2,0.35,0.18,0.50,-0.25
2025-11-21 04:41:30,442,LONG,24209.50,2025-11-21 04:45:30,450,24202.75,9,-6.75,2.75,2.75,VALIDATION_FAILED:FastGrad<=-0.6455(need>0.18),0,0.00,2,0.35,0.18,0.50,-0.25
2025-11-21 04:46:30,452,SHORT,24203.00,2025-11-21 04:49:00,457,24203.00,6,0.00,2.75,0.00,VALIDATION_FAILED:FastGrad>=0.0767(need<-0.18),0,0.00,2,0.35,0.18,0.50,-0.25
2025-11-21 04:49:30,458,LONG,24205.25,2025-11-21 04:52:00,463,24205.75,6,0.50,6.25,0.50,VALIDATION_FAILED:FastGrad<=-0.0638(need>0.18),0,0.00,2,0.35,0.18,0.50,-0.25
2025-11-21 04:52:30,464,SHORT,24203.75,2025-11-21 04:55:00,469,24199.00,6,4.75,12.50,0.00,VALIDATION_FAILED:FastGrad>=0.0436(need<-0.18),0,0.00,2,0.35,0.18,0.50,-0.25
2025-11-21 05:07:30,494,LONG,24180.25,2025-11-21 05:10:00,499,24175.75,6,-4.50,1.00,2.75,VALIDATION_FAILED:FastGrad<=0.0191(need>0.18),0,0.00,2,0.35,0.18,0.50,-0.25
2025-11-21 05:11:00,501,LONG,24184.25,2025-11-21 05:15:00,509,24183.75,9,-0.50,7.25,0.00,VALIDATION_FAILED:FastGrad<=-0.1025(need>0.18),0,0.00,2,0.35,0.18,0.50,-0.25
2025-11-21 05:16:00,511,SHORT,24181.00,2025-11-21 05:22:00,523,24174.25,13,6.75,15.50,1.25,VALIDATION_FAILED:FastGrad>=0.4754(need<-0.18),0,0.00,2,0.35,0.18,0.50,-0.25
2025-11-21 05:22:30,524,LONG,24175.25,2025-11-21 05:25:00,529,24179.50,6,4.25,14.75,0.00,VALIDATION_FAILED:FastGrad<=-0.2156(need>0.18),0,0.00,2,0.35,0.18,0.50,-0.25
2025-11-21 05:25:30,530,SHORT,24177.75,2025-11-21 05:26:30,532,24182.75,3,-5.00,1.75,0.00,VALIDATION_FAILED:FastGrad>=0.5001(need<-0.18),0,0.00,2,0.35,0.18,0.50,-0.25
2025-11-21 05:27:00,533,LONG,24188.00,2025-11-21 05:31:00,541,24185.25,9,-2.75,0.00,1.50,VALIDATION_FAILED:FastGrad<=-0.1085(need>0.18),0,0.00,2,0.35,0.18,0.50,-0.25
2025-11-21 05:33:00,545,SHORT,24181.00,2025-11-21 05:34:00,547,24187.50,3,-6.50,0.00,3.50,VALIDATION_FAILED:FastGrad>=0.3664(need<-0.18),0,0.00,2,0.35,0.18,0.50,-0.25
2025-11-21 05:40:00,559,SHORT,24192.00,2025-11-21 05:41:00,561,24213.75,3,-21.75,0.00,15.25,VALIDATION_FAILED:FastGrad>=1.6848(need<-0.18),0,0.00,2,0.35,0.18,0.50,-0.25
2025-11-21 05:46:30,572,SHORT,24209.25,2025-11-21 05:47:30,574,24217.50,3,-8.25,0.00,6.25,VALIDATION_FAILED:FastGrad>=0.2094(need<-0.18),0,0.00,2,0.35,0.18,0.50,-0.25
2025-11-21 05:48:00,575,LONG,24222.50,2025-11-21 05:49:00,577,24219.25,3,-3.25,5.50,0.00,VALIDATION_FAILED:FastGrad<=-0.0310(need>0.18),0,0.00,2,0.35,0.18,0.50,-0.25
2025-11-21 05:50:00,579,SHORT,24213.75,2025-11-21 05:51:30,582,24218.00,4,-4.25,3.50,0.00,VALIDATION_FAILED:FastGrad>=0.2864(need<-0.18),0,0.00,2,0.35,0.18,0.50,-0.25
2025-11-21 05:52:00,583,SHORT,24212.25,2025-11-21 05:58:00,595,24206.50,13,5.75,16.50,0.00,VALIDATION_FAILED:FastGrad>=0.5196(need<-0.18),0,0.00,2,0.35,0.18,0.50,-0.25
2025-11-21 06:02:00,603,SHORT,24196.25,2025-11-21 06:06:00,611,24190.25,9,6.00,11.00,0.00,VALIDATION_FAILED:FastGrad>=0.0502(need<-0.18),0,0.00,2,0.35,0.18,0.50,-0.25
2025-11-21 06:06:30,612,SHORT,24181.75,2025-11-21 06:09:00,617,24189.00,6,-7.25,12.00,0.00,VALIDATION_FAILED:FastGrad>=1.2441(need<-0.18),0,0.00,2,0.35,0.18,0.50,-0.25
2025-11-21 06:11:00,621,LONG,24189.25,2025-11-21 06:12:00,623,24181.25,3,-8.00,0.00,7.25,VALIDATION_FAILED:FastGrad<=-0.3365(need>0.18),0,0.00,2,0.35,0.18,0.50,-0.25
2025-11-21 06:21:00,641,SHORT,24168.75,2025-11-21 06:22:00,643,24172.50,3,-3.75,0.00,4.00,VALIDATION_FAILED:FastGrad>=-0.0820(need<-0.18),0,0.00,2,0.35,0.18,0.50,-0.25
2025-11-21 06:22:30,644,SHORT,24162.00,2025-11-21 06:27:00,653,24140.75,10,21.25,40.75,0.00,VALIDATION_FAILED:FastGrad>=0.0914(need<-0.18),0,0.00,2,0.35,0.18,0.50,-0.25
2025-11-21 06:27:30,654,LONG,24151.50,2025-11-21 06:28:30,656,24147.75,3,-3.75,0.50,0.00,VALIDATION_FAILED:GradientsNotPositive(F:0.5111,S:-0.2892),0,0.00,2,0.35,0.18,0.50,-0.25
2025-11-21 06:29:00,657,LONG,24158.25,2025-11-21 06:30:30,660,24151.75,4,-6.50,0.00,2.25,VALIDATION_FAILED:GradientsNotPositive(F:0.2726,S:-0.0358),0,0.00,2,0.35,0.18,0.50,-0.25
2025-11-21 06:31:30,662,LONG,24153.00,2025-11-21 06:32:30,664,24134.25,3,-18.75,0.00,4.00,VALIDATION_FAILED:FastGrad<=-2.4033(need>0.18),0,0.00,2,0.35,0.18,0.50,-0.25
2025-11-21 06:33:00,665,SHORT,24131.25,2025-11-21 06:35:30,670,24138.50,6,-7.25,0.00,2.50,VALIDATION_FAILED:FastGrad>=0.0406(need<-0.18),0,0.00,2,0.35,0.18,0.50,-0.25
2025-11-21 06:36:00,671,SHORT,24127.00,2025-11-21 06:37:00,673,24138.75,3,-11.75,0.00,0.25,VALIDATION_FAILED:FastGrad>=0.6428(need<-0.18),0,0.00,2,0.35,0.18,0.50,-0.25
2025-11-21 06:37:30,674,SHORT,24133.00,2025-11-21 06:43:00,685,24131.00,12,2.00,22.25,0.00,VALIDATION_FAILED:FastGrad>=1.4321(need<-0.18),0,0.00,2,0.35,0.18,0.50,-0.25
2025-11-21 06:43:30,686,LONG,24131.25,2025-11-21 06:45:00,689,24127.00,4,-4.25,3.00,1.00,VALIDATION_FAILED:FastGrad<=-0.0936(need>0.18),0,0.00,2,0.35,0.18,0.50,-0.25
2025-11-21 06:46:00,691,LONG,24133.75,2025-11-21 06:48:00,695,24124.50,5,-9.25,11.25,0.00,VALIDATION_FAILED:FastGrad<=-1.3832(need>0.18),0,0.00,2,0.35,0.18,0.50,-0.25
2025-11-21 06:48:30,696,SHORT,24120.25,2025-11-21 06:53:00,705,24117.75,10,2.50,9.75,7.75,VALIDATION_FAILED:FastGrad>=-0.1766(need<-0.18),0,0.00,2,0.35,0.18,0.50,-0.25
2025-11-21 06:54:30,708,LONG,24129.25,2025-11-21 07:05:30,730,24167.75,23,38.50,68.00,0.00,VALIDATION_FAILED:FastGrad<=-1.7542(need>0.18),0,0.00,2,0.35,0.18,0.50,-0.25
2025-11-21 07:06:00,731,SHORT,24162.50,2025-11-21 07:07:00,733,24167.75,3,-5.25,7.25,0.00,VALIDATION_FAILED:GradientsNotNegative(F:-0.5460,S:0.1001),0,0.00,2,0.35,0.18,0.50,-0.25
2025-11-21 07:08:00,735,LONG,24185.75,2025-11-21 07:09:00,737,24174.50,3,-11.25,0.00,7.75,VALIDATION_FAILED:FastGrad<=0.0463(need>0.18),0,0.00,2,0.35,0.18,0.50,-0.25
2025-11-21 07:12:00,743,LONG,24179.75,2025-11-21 07:20:30,760,24184.50,18,4.75,24.50,3.50,VALIDATION_FAILED:FastGrad<=-1.6786(need>0.18),0,0.00,2,0.35,0.18,0.50,-0.25
2025-11-21 07:21:00,761,SHORT,24188.25,2025-11-21 07:22:30,764,24193.25,4,-5.00,3.75,0.00,VALIDATION_FAILED:FastGrad>=0.4369(need<-0.18),0,0.00,2,0.35,0.18,0.50,-0.25
2025-11-21 07:23:00,765,SHORT,24184.25,2025-11-21 07:25:30,770,24188.50,6,-4.25,0.25,2.25,VALIDATION_FAILED:FastGrad>=0.2497(need<-0.18),0,0.00,2,0.35,0.18,0.50,-0.25
2025-11-21 07:26:00,771,SHORT,24184.50,2025-11-21 07:27:00,773,24186.25,3,-1.75,2.25,0.00,VALIDATION_FAILED:FastGrad>=0.0500(need<-0.18),0,0.00,2,0.35,0.18,0.50,-0.25
2025-11-21 07:27:30,774,LONG,24190.75,2025-11-21 07:28:30,776,24186.00,3,-4.75,1.25,0.00,VALIDATION_FAILED:FastGrad<=-0.2754(need>0.18),0,0.00,2,0.35,0.18,0.50,-0.25
2025-11-21 07:29:00,777,SHORT,24176.00,2025-11-21 07:42:30,804,24141.75,28,34.25,40.50,3.50,VALIDATION_FAILED:FastGrad>=0.1400(need<-0.18),0,0.00,2,0.35,0.18,0.50,-0.25
2025-11-21 07:43:00,805,SHORT,24135.25,2025-11-21 07:44:00,807,24140.25,3,-5.00,0.00,6.25,VALIDATION_FAILED:FastGrad>=0.0432(need<-0.18),0,0.00,2,0.35,0.18,0.50,-0.25
2025-11-21 07:44:30,808,LONG,24145.25,2025-11-21 07:46:00,811,24144.00,4,-1.25,7.00,0.00,VALIDATION_FAILED:FastGrad<=-0.0137(need>0.18),0,0.00,2,0.35,0.18,0.50,-0.25
2025-11-21 07:46:30,812,LONG,24150.00,2025-11-21 07:48:00,815,24135.00,4,-15.00,0.00,2.25,VALIDATION_FAILED:FastGrad<=-1.6187(need>0.18),0,0.00,2,0.35,0.18,0.50,-0.25
2025-11-21 07:49:00,817,SHORT,24141.25,2025-11-21 07:52:00,823,24142.50,7,-1.25,7.00,2.00,VALIDATION_FAILED:FastGrad>=0.2747(need<-0.18),0,0.00,2,0.35,0.18,0.50,-0.25
2025-11-21 07:52:30,824,SHORT,24135.25,2025-11-21 07:56:30,832,24139.75,9,-4.50,4.50,2.50,VALIDATION_FAILED:FastGrad>=0.8372(need<-0.18),0,0.00,2,0.35,0.18,0.50,-0.25
2025-11-21 07:57:00,833,LONG,24142.00,2025-11-21 07:59:00,837,24139.25,5,-2.75,9.00,0.00,VALIDATION_FAILED:FastGrad<=-0.2707(need>0.18),0,0.00,2,0.35,0.18,0.50,-0.25
2025-11-21 08:02:00,843,LONG,24144.00,2025-11-21 08:03:00,845,24140.50,3,-3.50,0.00,1.00,VALIDATION_FAILED:FastGrad<=-0.2178(need>0.18),0,0.00,2,0.35,0.18,0.50,-0.25
2025-11-21 08:03:30,846,SHORT,24135.50,2025-11-21 08:05:00,849,24146.25,4,-10.75,0.00,2.00,VALIDATION_FAILED:FastGrad>=1.0173(need<-0.18),0,0.00,2,0.35,0.18,0.50,-0.25
2025-11-21 08:05:30,850,LONG,24148.50,2025-11-21 08:08:30,856,24147.50,7,-1.00,5.25,2.25,VALIDATION_FAILED:FastGrad<=0.1527(need>0.18),0,0.00,2,0.35,0.18,0.50,-0.25
2025-11-21 08:09:00,857,SHORT,24143.50,2025-11-21 08:10:30,860,24149.75,4,-6.25,0.00,1.25,VALIDATION_FAILED:FastGrad>=0.6412(need<-0.18),0,0.00,2,0.35,0.18,0.50,-0.25
2025-11-21 08:11:00,861,LONG,24151.50,2025-11-21 08:14:30,868,24156.00,8,4.50,13.25,0.00,VALIDATION_FAILED:FastGrad<=-0.0136(need>0.18),0,0.00,2,0.35,0.18,0.50,-0.25
2025-11-21 08:15:00,869,LONG,24161.25,2025-11-21 08:19:00,877,24166.00,9,4.75,18.00,0.00,VALIDATION_FAILED:FastGrad<=-0.3234(need>0.18),0,0.00,2,0.35,0.18,0.50,-0.25
2025-11-21 08:19:30,878,SHORT,24162.75,2025-11-21 08:21:30,882,24164.00,5,-1.25,8.75,0.00,VALIDATION_FAILED:FastGrad>=0.1913(need<-0.18),0,0.00,2,0.35,0.18,0.50,-0.25
2025-11-21 08:22:00,883,LONG,24166.75,2025-11-21 08:26:30,892,24172.75,10,6.00,10.50,0.00,VALIDATION_FAILED:FastGrad<=0.1359(need>0.18),0,0.00,2,0.35,0.18,0.50,-0.25
2025-11-21 08:27:00,893,SHORT,24164.75,2025-11-21 08:32:00,903,24149.00,11,15.75,32.75,0.00,VALIDATION_FAILED:FastGrad>=0.4734(need<-0.18),0,0.00,2,0.35,0.18,0.50,-0.25
2025-11-21 08:33:00,905,SHORT,24143.75,2025-11-21 08:34:00,907,24149.00,3,-5.25,0.75,0.00,VALIDATION_FAILED:FastGrad>=0.5654(need<-0.18),0,0.00,2,0.35,0.18,0.50,-0.25
2025-11-21 08:35:30,910,LONG,24164.25,2025-11-21 08:38:00,915,24158.50,6,-5.75,4.75,0.25,VALIDATION_FAILED:FastGrad<=0.0571(need>0.18),0,0.00,2,0.35,0.18,0.50,-0.25
2025-11-21 08:38:30,916,SHORT,24152.50,2025-11-21 08:40:30,920,24159.25,5,-6.75,7.75,0.00,VALIDATION_FAILED:FastGrad>=0.8662(need<-0.18),0,0.00,2,0.35,0.18,0.50,-0.25
2025-11-21 08:41:00,921,LONG,24160.75,2025-11-21 08:46:00,931,24166.75,11,6.00,13.75,0.25,VALIDATION_FAILED:FastGrad<=-0.2840(need>0.18),0,0.00,2,0.35,0.18,0.50,-0.25
2025-11-21 08:47:30,934,LONG,24170.75,2025-11-21 08:48:30,936,24170.75,3,0.00,3.50,0.00,VALIDATION_FAILED:FastGrad<=0.1798(need>0.18),0,0.00,2,0.35,0.18,0.50,-0.25
2025-11-21 08:54:30,948,SHORT,24170.00,2025-11-21 08:58:30,956,24178.50,9,-8.50,2.25,5.75,VALIDATION_FAILED:FastGrad>=0.5140(need<-0.18),0,0.00,2,0.35,0.18,0.50,-0.25
2025-11-21 09:00:00,959,SHORT,24172.50,2025-11-21 09:01:30,962,24177.25,4,-4.75,1.25,2.25,VALIDATION_FAILED:FastGrad>=0.4570(need<-0.18),0,0.00,2,0.35,0.18,0.50,-0.25
2025-11-21 09:02:00,963,SHORT,24171.00,2025-11-21 09:05:30,970,24168.00,8,3.00,13.25,0.50,VALIDATION_FAILED:FastGrad>=0.2969(need<-0.18),0,0.00,2,0.35,0.18,0.50,-0.25
2025-11-21 09:06:00,971,LONG,24173.00,2025-11-21 09:09:00,977,24175.50,7,2.50,9.75,0.00,VALIDATION_FAILED:FastGrad<=-0.0457(need>0.18),0,0.00,2,0.35,0.18,0.50,-0.25
2025-11-21 09:11:30,982,SHORT,24172.75,2025-11-21 09:17:00,993,24169.00,12,3.75,13.25,0.00,VALIDATION_FAILED:FastGrad>=0.5401(need<-0.18),0,0.00,2,0.35,0.18,0.50,-0.25
2025-11-21 09:17:30,994,LONG,24173.25,2025-11-21 09:20:30,1000,24173.50,7,0.25,18.00,0.00,VALIDATION_FAILED:FastGrad<=-0.7244(need>0.18),0,0.00,2,0.35,0.18,0.50,-0.25
2025-11-21 09:21:00,1001,SHORT,24174.25,2025-11-21 09:22:00,1003,24181.50,3,-7.25,0.00,3.50,VALIDATION_FAILED:FastGrad>=0.6839(need<-0.18),0,0.00,2,0.35,0.18,0.50,-0.25
2025-11-21 09:28:00,1015,SHORT,24179.50,2025-11-21 09:29:00,1017,24181.00,3,-1.50,0.00,4.25,VALIDATION_FAILED:GradientsNotNegative(F:-0.2286,S:0.0127),0,0.00,2,0.35,0.18,0.50,-0.25
2025-11-21 09:30:00,1019,SHORT,24178.50,2025-11-21 09:31:00,1021,24193.75,3,-15.25,0.00,15.25,VALIDATION_FAILED:FastGrad>=1.4392(need<-0.18),0,0.00,2,0.35,0.18,0.50,-0.25
2025-11-21 09:33:30,1026,SHORT,24182.00,2025-11-21 09:39:30,1038,24154.50,13,27.50,42.25,0.00,VALIDATION_FAILED:FastGrad>=0.0566(need<-0.18),0,0.00,2,0.35,0.18,0.50,-0.25
2025-11-21 09:40:00,1039,SHORT,24150.25,2025-11-21 09:41:00,1041,24156.75,3,-6.50,2.75,0.00,VALIDATION_FAILED:FastGrad>=0.5413(need<-0.18),0,0.00,2,0.35,0.18,0.50,-0.25
2025-11-21 09:42:00,1043,LONG,24160.75,2025-11-21 09:43:00,1045,24159.50,3,-1.25,2.50,0.00,VALIDATION_FAILED:GradientsNotPositive(F:0.3452,S:-0.0051),0,0.00,2,0.35,0.18,0.50,-0.25
2025-11-21 09:52:00,1063,SHORT,24097.50,2025-11-21 09:58:00,1075,24084.00,13,13.50,27.25,0.50,VALIDATION_FAILED:FastGrad>=0.6196(need<-0.18),0,0.00,2,0.35,0.18,0.50,-0.25
2025-11-21 09:58:30,1076,SHORT,24077.25,2025-11-21 10:00:00,1079,24078.75,4,-1.50,0.00,3.50,VALIDATION_FAILED:FastGrad>=-0.1628(need<-0.18),0,0.00,2,0.35,0.18,0.50,-0.25
2025-11-21 10:01:00,1081,LONG,24090.00,2025-11-21 10:02:00,1083,24082.50,3,-7.50,0.00,1.25,VALIDATION_FAILED:FastGrad<=-0.0275(need>0.18),0,0.00,2,0.35,0.18,0.50,-0.25
2025-11-21 10:02:30,1084,LONG,24099.75,2025-11-21 10:12:00,1103,24155.25,20,55.50,75.75,13.50,VALIDATION_FAILED:FastGrad<=-0.0294(need>0.18),0,0.00,2,0.35,0.18,0.50,-0.25
2025-11-21 10:17:00,1113,LONG,24165.25,2025-11-21 10:18:00,1115,24162.00,3,-3.25,4.25,0.00,VALIDATION_FAILED:FastGrad<=-0.3853(need>0.18),0,0.00,2,0.35,0.18,0.50,-0.25
2025-11-21 10:19:00,1117,SHORT,24155.75,2025-11-21 10:24:00,1127,24147.00,11,8.75,40.25,6.50,VALIDATION_FAILED:FastGrad>=1.8638(need<-0.18),0,0.00,2,0.35,0.18,0.50,-0.25
2025-11-21 10:24:30,1128,LONG,24146.75,2025-11-21 10:26:30,1132,24131.00,5,-15.75,12.25,0.00,VALIDATION_FAILED:FastGrad<=-2.0566(need>0.18),0,0.00,2,0.35,0.18,0.50,-0.25
2025-11-21 10:27:00,1133,SHORT,24136.75,2025-11-21 10:28:00,1135,24156.50,3,-19.75,8.50,0.00,VALIDATION_FAILED:FastGrad>=2.6444(need<-0.18),0,0.00,2,0.35,0.18,0.50,-0.25
2025-11-21 10:28:30,1136,LONG,24149.75,2025-11-21 10:29:30,1138,24137.50,3,-12.25,0.00,5.75,VALIDATION_FAILED:FastGrad<=-0.9740(need>0.18),0,0.00,2,0.35,0.18,0.50,-0.25
2025-11-21 10:30:00,1139,SHORT,24139.00,2025-11-21 10:31:00,1141,24142.50,3,-3.50,0.00,9.00,VALIDATION_FAILED:FastGrad>=-0.1381(need<-0.18),0,0.00,2,0.35,0.18,0.50,-0.25
2025-11-21 10:31:30,1142,LONG,24155.75,2025-11-21 10:34:00,1147,24146.75,6,-9.00,4.00,3.50,VALIDATION_FAILED:FastGrad<=-0.6604(need>0.18),0,0.00,2,0.35,0.18,0.50,-0.25
2025-11-21 10:34:30,1148,SHORT,24140.50,2025-11-21 10:38:30,1156,24139.50,9,1.00,19.25,0.25,VALIDATION_FAILED:FastGrad>=0.7762(need<-0.18),0,0.00,2,0.35,0.18,0.50,-0.25
2025-11-21 10:39:00,1157,LONG,24150.75,2025-11-21 10:41:30,1162,24136.50,6,-14.25,0.25,5.00,VALIDATION_FAILED:FastGrad<=-1.0800(need>0.18),0,0.00,2,0.35,0.18,0.50,-0.25
2025-11-21 10:42:00,1163,LONG,24148.00,2025-11-21 10:43:30,1166,24146.00,4,-2.00,0.75,0.00,VALIDATION_FAILED:FastGrad<=0.1476(need>0.18),0,0.00,2,0.35,0.18,0.50,-0.25
2025-11-21 10:44:00,1167,LONG,24151.75,2025-11-21 10:49:30,1178,24171.25,12,19.50,41.25,0.00,VALIDATION_FAILED:FastGrad<=-0.3800(need>0.18),0,0.00,2,0.35,0.18,0.50,-0.25
2025-11-21 10:50:30,1180,SHORT,24163.00,2025-11-21 10:51:30,1182,24168.75,3,-5.75,4.00,0.00,VALIDATION_FAILED:FastGrad>=-0.0595(need<-0.18),0,0.00,2,0.35,0.18,0.50,-0.25
2025-11-21 10:52:00,1183,LONG,24183.50,2025-11-21 11:01:30,1202,24201.00,20,17.50,28.50,0.00,VALIDATION_FAILED:FastGrad<=-0.8201(need>0.18),0,0.00,2,0.35,0.18,0.50,-0.25
2025-11-21 11:02:00,1203,SHORT,24194.00,2025-11-21 11:04:30,1208,24203.50,6,-9.50,2.25,3.00,VALIDATION_FAILED:FastGrad>=0.7986(need<-0.18),0,0.00,2,0.35,0.18,0.50,-0.25
2025-11-21 11:05:00,1209,SHORT,24194.75,2025-11-21 11:07:00,1213,24195.00,5,-0.25,5.25,0.00,VALIDATION_FAILED:FastGrad>=0.0162(need<-0.18),0,0.00,2,0.35,0.18,0.50,-0.25
2025-11-21 11:07:30,1214,LONG,24204.50,2025-11-21 11:10:00,1219,24193.75,6,-10.75,6.00,0.25,VALIDATION_FAILED:FastGrad<=-1.3813(need>0.18),0,0.00,2,0.35,0.18,0.50,-0.25
2025-11-21 11:10:30,1220,SHORT,24196.25,2025-11-21 11:12:30,1224,24198.25,5,-2.00,6.75,0.00,VALIDATION_FAILED:FastGrad>=0.3335(need<-0.18),0,0.00,2,0.35,0.18,0.50,-0.25
2025-11-21 11:13:00,1225,LONG,24202.25,2025-11-21 11:14:00,1227,24196.50,3,-5.75,0.00,0.75,VALIDATION_FAILED:FastGrad<=-0.1880(need>0.18),0,0.00,2,0.35,0.18,0.50,-0.25
2025-11-21 11:28:30,1256,SHORT,24125.50,2025-11-21 11:30:30,1260,24133.25,5,-7.75,6.25,1.75,VALIDATION_FAILED:FastGrad>=1.1158(need<-0.18),0,0.00,2,0.35,0.18,0.50,-0.25
2025-11-21 11:33:30,1266,SHORT,24118.50,2025-11-21 11:34:30,1268,24125.00,3,-6.50,0.00,4.00,VALIDATION_FAILED:FastGrad>=-0.0264(need<-0.18),0,0.00,2,0.35,0.18,0.50,-0.25
2025-11-21 11:35:30,1270,SHORT,24122.50,2025-11-21 11:47:30,1294,24073.75,25,48.75,76.00,0.00,VALIDATION_FAILED:FastGrad>=1.0468(need<-0.18),0,0.00,2,0.35,0.18,0.50,-0.25
2025-11-21 11:48:30,1296,LONG,24080.25,2025-11-21 11:51:30,1302,24079.25,7,-1.00,7.00,0.00,VALIDATION_FAILED:FastGrad<=0.0832(need>0.18),0,0.00,2,0.35,0.18,0.50,-0.25
2025-11-21 11:52:30,1304,SHORT,24072.50,2025-11-21 11:55:00,1309,24074.25,6,-1.75,14.50,0.00,VALIDATION_FAILED:FastGrad>=0.8136(need<-0.18),0,0.00,2,0.35,0.18,0.50,-0.25
2025-11-21 12:09:30,1338,SHORT,23938.25,2025-11-21 12:11:00,1341,23959.00,4,-20.75,0.00,14.75,VALIDATION_FAILED:FastGrad>=1.3307(need<-0.18),0,0.00,2,0.35,0.18,0.50,-0.25
2025-11-21 12:11:30,1342,LONG,23972.25,2025-11-21 12:15:30,1350,23968.00,9,-4.25,18.25,17.25,VALIDATION_FAILED:FastGrad<=-0.5358(need>0.18),0,0.00,2,0.35,0.18,0.50,-0.25
2025-11-21 12:16:00,1351,SHORT,23968.25,2025-11-21 12:20:00,1359,23956.50,9,11.75,37.00,0.00,VALIDATION_FAILED:FastGrad>=1.2748(need<-0.18),0,0.00,2,0.35,0.18,0.50,-0.25
2025-11-21 12:20:30,1360,SHORT,23947.00,2025-11-21 12:25:30,1370,23943.75,11,3.25,17.50,0.00,VALIDATION_FAILED:FastGrad>=1.2427(need<-0.18),0,0.00,2,0.35,0.18,0.50,-0.25
2025-11-21 12:26:00,1371,LONG,23943.50,2025-11-21 12:27:00,1373,23937.50,3,-6.00,0.00,1.25,VALIDATION_FAILED:FastGrad<=-0.2518(need>0.18),0,0.00,2,0.35,0.18,0.50,-0.25
2025-11-21 12:27:30,1374,SHORT,23923.50,2025-11-21 12:31:00,1381,23933.00,8,-9.50,15.00,0.00,VALIDATION_FAILED:FastGrad>=1.8806(need<-0.18),0,0.00,2,0.35,0.18,0.50,-0.25
2025-11-21 12:31:30,1382,LONG,23945.50,2025-11-21 12:43:30,1406,24048.75,25,103.25,116.50,0.00,VALIDATION_FAILED:FastGrad<=0.0173(need>0.18),0,0.00,2,0.35,0.18,0.50,-0.25
2025-11-21 12:45:30,1410,SHORT,24031.50,2025-11-21 12:46:30,1412,24045.00,3,-13.50,0.00,11.75,VALIDATION_FAILED:FastGrad>=0.2613(need<-0.18),0,0.00,2,0.35,0.18,0.50,-0.25
2025-11-21 12:47:00,1413,LONG,24046.50,2025-11-21 12:48:00,1415,24042.25,3,-4.25,1.50,0.00,VALIDATION_FAILED:FastGrad<=-0.4087(need>0.18),0,0.00,2,0.35,0.18,0.50,-0.25
2025-11-21 12:49:00,1417,SHORT,24035.25,2025-11-21 12:50:00,1419,24052.00,3,-16.75,0.00,12.75,VALIDATION_FAILED:FastGrad>=1.2838(need<-0.18),0,0.00,2,0.35,0.18,0.50,-0.25
2025-11-21 12:50:30,1420,LONG,24053.75,2025-11-21 12:56:00,1431,24075.00,12,21.25,37.75,3.25,VALIDATION_FAILED:FastGrad<=-0.5178(need>0.18),0,0.00,2,0.35,0.18,0.50,-0.25
2025-11-21 12:56:30,1432,LONG,24086.00,2025-11-21 12:59:00,1437,24084.25,6,-1.75,5.00,0.00,VALIDATION_FAILED:FastGrad<=-0.1986(need>0.18),0,0.00,2,0.35,0.18,0.50,-0.25
2025-11-21 13:00:00,1439,LONG,24093.50,2025-11-21 13:01:00,1441,24087.25,3,-6.25,0.00,1.50,VALIDATION_FAILED:FastGrad<=-0.1011(need>0.18),0,0.00,2,0.35,0.18,0.50,-0.25
2025-11-21 13:01:30,1442,LONG,24106.50,2025-11-21 13:03:00,1445,24096.50,4,-10.00,11.00,0.00,VALIDATION_FAILED:FastGrad<=-0.4678(need>0.18),0,0.00,2,0.35,0.18,0.50,-0.25
2025-11-21 13:04:30,1448,SHORT,24090.00,2025-11-21 13:07:00,1453,24094.00,6,-4.00,8.25,0.00,VALIDATION_FAILED:FastGrad>=0.5938(need<-0.18),0,0.00,2,0.35,0.18,0.50,-0.25
2025-11-21 13:07:30,1454,LONG,24103.25,2025-11-21 13:17:30,1474,24137.75,21,34.50,46.25,0.00,VALIDATION_FAILED:FastGrad<=-0.2699(need>0.18),0,0.00,2,0.35,0.18,0.50,-0.25
2025-11-21 13:18:00,1475,LONG,24143.50,2025-11-21 13:19:00,1477,24121.50,3,-22.00,0.00,14.75,VALIDATION_FAILED:FastGrad<=-2.4698(need>0.18),0,0.00,2,0.35,0.18,0.50,-0.25
2025-11-21 13:19:30,1478,SHORT,24118.00,2025-11-21 13:24:00,1487,24130.25,10,-12.25,6.75,4.25,VALIDATION_FAILED:FastGrad>=1.7606(need<-0.18),0,0.00,2,0.35,0.18,0.50,-0.25
2025-11-21 13:24:30,1488,LONG,24133.00,2025-11-21 13:25:30,1490,24119.00,3,-14.00,0.00,14.00,VALIDATION_FAILED:FastGrad<=-0.4929(need>0.18),0,0.00,2,0.35,0.18,0.50,-0.25
2025-11-21 13:26:00,1491,SHORT,24116.50,2025-11-21 13:33:00,1505,24092.25,15,24.25,34.25,0.00,VALIDATION_FAILED:FastGrad>=0.2580(need<-0.18),0,0.00,2,0.35,0.18,0.50,-0.25
2025-11-21 13:33:30,1506,LONG,24101.50,2025-11-21 13:35:00,1509,24098.50,4,-3.00,1.75,1.50,VALIDATION_FAILED:GradientsNotPositive(F:0.3387,S:-0.0751),0,0.00,2,0.35,0.18,0.50,-0.25
2025-11-21 13:35:30,1510,SHORT,24093.75,2025-11-21 13:37:00,1513,24097.25,4,-3.50,1.00,4.00,VALIDATION_FAILED:FastGrad>=0.2555(need<-0.18),0,0.00,2,0.35,0.18,0.50,-0.25
2025-11-21 13:37:30,1514,LONG,24102.50,2025-11-21 13:38:30,1516,24089.75,3,-12.75,0.00,8.00,VALIDATION_FAILED:FastGrad<=-1.0150(need>0.18),0,0.00,2,0.35,0.18,0.50,-0.25
2025-11-21 13:39:00,1517,SHORT,24086.50,2025-11-21 13:44:00,1527,24089.25,11,-2.75,22.00,3.00,VALIDATION_FAILED:FastGrad>=1.1166(need<-0.18),0,0.00,2,0.35,0.18,0.50,-0.25
2025-11-21 13:44:30,1528,LONG,24089.50,2025-11-21 13:46:30,1532,24083.50,5,-6.00,0.00,5.00,VALIDATION_FAILED:FastGrad<=-0.2812(need>0.18),0,0.00,2,0.35,0.18,0.50,-0.25
2025-11-21 13:47:00,1533,SHORT,24076.00,2025-11-21 13:56:00,1551,24030.00,19,46.00,60.75,0.00,VALIDATION_FAILED:FastGrad>=0.3719(need<-0.18),0,0.00,2,0.35,0.18,0.50,-0.25
2025-11-21 13:58:30,1556,LONG,24037.75,2025-11-21 14:01:30,1562,24033.75,7,-4.00,18.50,0.00,VALIDATION_FAILED:FastGrad<=-1.2879(need>0.18),0,0.00,2,0.35,0.18,0.50,-0.25
2025-11-21 14:02:00,1563,LONG,24050.75,2025-11-21 14:05:00,1569,24056.50,7,5.75,21.50,0.50,VALIDATION_FAILED:FastGrad<=-0.0970(need>0.18),0,0.00,2,0.35,0.18,0.50,-0.25
2025-11-21 14:05:30,1570,SHORT,24048.25,2025-11-21 14:08:30,1576,24047.75,7,0.50,16.00,0.00,VALIDATION_FAILED:FastGrad>=0.5893(need<-0.18),0,0.00,2,0.35,0.18,0.50,-0.25
2025-11-21 14:09:00,1577,SHORT,24024.50,2025-11-21 14:14:30,1588,24006.50,12,18.00,49.50,0.75,VALIDATION_FAILED:FastGrad>=0.9131(need<-0.18),0,0.00,2,0.35,0.18,0.50,-0.25
2025-11-21 14:15:30,1590,LONG,24018.00,2025-11-21 14:18:00,1595,24004.25,6,-13.75,15.00,0.00,VALIDATION_FAILED:FastGrad<=-1.8044(need>0.18),0,0.00,2,0.35,0.18,0.50,-0.25
2025-11-21 14:18:30,1596,SHORT,24009.75,2025-11-21 14:20:00,1599,24010.75,4,-1.00,9.50,0.00,VALIDATION_FAILED:FastGrad>=0.0127(need<-0.18),0,0.00,2,0.35,0.18,0.50,-0.25
2025-11-21 14:20:30,1600,LONG,24017.50,2025-11-21 14:21:30,1602,24008.75,3,-8.75,0.00,1.50,VALIDATION_FAILED:FastGrad<=-0.5580(need>0.18),0,0.00,2,0.35,0.18,0.50,-0.25
2025-11-21 14:22:00,1603,SHORT,23990.00,2025-11-21 14:26:30,1612,23975.25,10,14.75,29.50,0.00,VALIDATION_FAILED:FastGrad>=-0.1054(need<-0.18),0,0.00,2,0.35,0.18,0.50,-0.25
2025-11-21 14:28:00,1615,LONG,23986.75,2025-11-21 14:29:00,1617,23981.75,3,-5.00,0.00,1.00,VALIDATION_FAILED:FastGrad<=-0.0236(need>0.18),0,0.00,2,0.35,0.18,0.50,-0.25
2025-11-21 14:29:30,1618,SHORT,23969.25,2025-11-21 14:31:00,1621,24128.75,4,-159.50,5.00,0.00,VALIDATION_FAILED:FastGrad>=22.9525(need<-0.18),0,0.00,2,0.35,0.18,0.50,-0.25
2025-11-21 14:31:30,1622,LONG,24102.75,2025-11-21 14:41:00,1641,24160.50,20,57.75,80.25,34.75,VALIDATION_FAILED:FastGrad<=-0.0452(need>0.18),0,0.00,2,0.35,0.18,0.50,-0.25
2025-11-21 14:43:30,1646,SHORT,24132.25,2025-11-21 14:44:30,1648,24158.50,3,-26.25,0.00,0.50,VALIDATION_FAILED:FastGrad>=1.6546(need<-0.18),0,0.00,2,0.35,0.18,0.50,-0.25
2025-11-21 14:45:00,1649,LONG,24165.50,2025-11-21 14:52:00,1663,24212.00,15,46.50,84.50,0.00,VALIDATION_FAILED:FastGrad<=-1.9447(need>0.18),0,0.00,2,0.35,0.18,0.50,-0.25
2025-11-21 14:53:00,1665,LONG,24242.75,2025-11-21 14:56:00,1671,24236.00,7,-6.75,12.50,5.75,VALIDATION_FAILED:FastGrad<=-0.5449(need>0.18),0,0.00,2,0.35,0.18,0.50,-0.25
2025-11-21 14:58:00,1675,SHORT,24225.75,2025-11-21 15:01:00,1681,24210.50,7,15.25,35.00,0.00,VALIDATION_FAILED:FastGrad>=0.0672(need<-0.18),0,0.00,2,0.35,0.18,0.50,-0.25
2025-11-21 15:01:30,1682,LONG,24215.25,2025-11-21 15:02:30,1684,24198.00,3,-17.25,0.00,8.00,VALIDATION_FAILED:FastGrad<=-1.7959(need>0.18),0,0.00,2,0.35,0.18,0.50,-0.25
2025-11-21 15:03:00,1685,SHORT,24193.75,2025-11-21 15:07:00,1693,24175.75,9,18.00,47.75,0.00,VALIDATION_FAILED:FastGrad>=0.3798(need<-0.18),0,0.00,2,0.35,0.18,0.50,-0.25
2025-11-21 15:09:00,1697,SHORT,24163.00,2025-11-21 15:10:00,1699,24189.75,3,-26.75,0.00,20.25,VALIDATION_FAILED:FastGrad>=2.0296(need<-0.18),0,0.00,2,0.35,0.18,0.50,-0.25
2025-11-21 15:11:00,1701,SHORT,24175.00,2025-11-21 15:12:00,1703,24194.00,3,-19.00,0.00,5.50,VALIDATION_FAILED:FastGrad>=2.2563(need<-0.18),0,0.00,2,0.35,0.18,0.50,-0.25
2025-11-21 15:12:30,1704,LONG,24200.50,2025-11-21 15:23:30,1726,24262.00,23,61.50,86.75,0.00,VALIDATION_FAILED:FastGrad<=-0.6489(need>0.18),0,0.00,2,0.35,0.18,0.50,-0.25
2025-11-21 15:24:30,1728,LONG,24268.75,2025-11-21 15:25:30,1730,24237.00,3,-31.75,0.00,14.75,VALIDATION_FAILED:FastGrad<=-3.8765(need>0.18),0,0.00,2,0.35,0.18,0.50,-0.25
2025-11-21 15:26:00,1731,SHORT,24226.25,2025-11-21 15:31:30,1742,24227.50,12,-1.25,33.75,1.50,VALIDATION_FAILED:FastGrad>=1.7358(need<-0.18),0,0.00,2,0.35,0.18,0.50,-0.25
2025-11-21 15:32:00,1743,LONG,24229.25,2025-11-21 15:33:00,1745,24222.50,3,-6.75,0.00,0.25,VALIDATION_FAILED:FastGrad<=0.1263(need>0.18),0,0.00,2,0.35,0.18,0.50,-0.25
2025-11-21 15:33:30,1746,SHORT,24209.00,2025-11-21 15:35:00,1749,24223.50,4,-14.50,3.50,6.50,VALIDATION_FAILED:FastGrad>=0.9462(need<-0.18),0,0.00,2,0.35,0.18,0.50,-0.25
2025-11-21 15:36:00,1751,LONG,24241.75,2025-11-21 15:40:30,1760,24250.25,10,8.50,23.50,0.00,VALIDATION_FAILED:FastGrad<=0.1742(need>0.18),0,0.00,2,0.35,0.18,0.50,-0.25
2025-11-21 15:41:00,1761,LONG,24251.50,2025-11-21 15:45:30,1770,24256.75,10,5.25,19.00,0.00,VALIDATION_FAILED:FastGrad<=-0.7570(need>0.18),0,0.00,2,0.35,0.18,0.50,-0.25
2025-11-21 15:46:00,1771,SHORT,24250.00,2025-11-21 15:47:00,1773,24258.00,3,-8.00,0.00,3.00,VALIDATION_FAILED:FastGrad>=-0.0025(need<-0.18),0,0.00,2,0.35,0.18,0.50,-0.25
2025-11-21 15:47:30,1774,LONG,24262.75,2025-11-21 15:48:30,1776,24259.50,3,-3.25,0.00,1.00,VALIDATION_FAILED:FastGrad<=0.0657(need>0.18),0,0.00,2,0.35,0.18,0.50,-0.25
2025-11-21 15:49:00,1777,SHORT,24254.25,2025-11-21 15:54:00,1787,24248.25,11,6.00,23.25,11.50,VALIDATION_FAILED:FastGrad>=1.0694(need<-0.18),0,0.00,2,0.35,0.18,0.50,-0.25
2025-11-21 15:54:30,1788,LONG,24250.50,2025-11-21 15:56:00,1791,24245.75,4,-4.75,7.75,0.00,VALIDATION_FAILED:FastGrad<=-0.3175(need>0.18),0,0.00,2,0.35,0.18,0.50,-0.25
2025-11-21 15:56:30,1792,SHORT,24243.50,2025-11-21 16:00:00,1799,24241.00,8,2.50,17.00,0.00,VALIDATION_FAILED:FastGrad>=0.4947(need<-0.18),0,0.00,2,0.35,0.18,0.50,-0.25
2025-11-21 16:00:30,1800,LONG,24242.75,2025-11-21 16:01:30,1802,24237.25,3,-5.50,0.25,0.00,VALIDATION_FAILED:FastGrad<=-0.3965(need>0.18),0,0.00,2,0.35,0.18,0.50,-0.25
2025-11-21 16:02:00,1803,SHORT,24218.50,2025-11-21 16:03:00,1805,24238.75,3,-20.25,0.00,6.25,VALIDATION_FAILED:FastGrad>=0.7890(need<-0.18),0,0.00,2,0.35,0.18,0.50,-0.25
2025-11-21 16:03:30,1806,LONG,24244.25,2025-11-21 16:04:30,1808,24233.00,3,-11.25,0.00,14.50,VALIDATION_FAILED:FastGrad<=-0.2506(need>0.18),0,0.00,2,0.35,0.18,0.50,-0.25
2025-11-21 16:05:00,1809,SHORT,24224.25,2025-11-21 16:07:00,1813,24224.75,5,-0.50,12.50,0.00,VALIDATION_FAILED:FastGrad>=0.0745(need<-0.18),0,0.00,2,0.35,0.18,0.50,-0.25
2025-11-21 16:08:30,1816,SHORT,24219.75,2025-11-21 16:09:30,1818,24240.75,3,-21.00,0.00,10.75,VALIDATION_FAILED:FastGrad>=2.3672(need<-0.18),0,0.00,2,0.35,0.18,0.50,-0.25
2025-11-21 16:10:00,1819,LONG,24255.50,2025-11-21 16:14:30,1828,24241.75,10,-13.75,6.50,8.25,VALIDATION_FAILED:FastGrad<=-1.4141(need>0.18),0,0.00,2,0.35,0.18,0.50,-0.25
2025-11-21 16:15:30,1830,SHORT,24244.00,2025-11-21 16:24:30,1848,24204.25,19,39.75,53.00,0.00,VALIDATION_FAILED:FastGrad>=0.1458(need<-0.18),0,0.00,2,0.35,0.18,0.50,-0.25
2025-11-21 16:31:00,1861,LONG,24248.50,2025-11-21 16:32:30,1864,24201.50,4,-47.00,0.00,21.75,VALIDATION_FAILED:FastGrad<=-2.5680(need>0.18),0,0.00,2,0.35,0.18,0.50,-0.25
2025-11-21 16:33:00,1865,LONG,24257.25,2025-11-21 16:34:00,1867,24188.00,3,-69.25,0.00,11.25,VALIDATION_FAILED:FastGrad<=-5.7887(need>0.18),0,0.00,2,0.35,0.18,0.50,-0.25
2025-11-21 16:34:30,1868,SHORT,24201.75,2025-11-21 16:35:30,1870,24229.25,3,-27.50,0.00,52.50,VALIDATION_FAILED:FastGrad>=0.8204(need<-0.18),0,0.00,2,0.35,0.18,0.50,-0.25
2025-11-21 16:36:00,1871,SHORT,24200.25,2025-11-21 16:37:30,1874,24252.75,4,-52.50,0.00,14.75,VALIDATION_FAILED:FastGrad>=5.1957(need<-0.18),0,0.00,2,0.35,0.18,0.50,-0.25
2025-11-21 16:38:00,1875,LONG,24242.50,2025-11-21 16:39:00,1877,24207.00,3,-35.50,0.00,6.25,VALIDATION_FAILED:FastGrad<=-3.2554(need>0.18),0,0.00,2,0.35,0.18,0.50,-0.25
2025-11-21 16:39:30,1878,SHORT,24178.50,2025-11-21 16:41:30,1882,24226.25,5,-47.75,3.00,20.50,VALIDATION_FAILED:FastGrad>=3.3248(need<-0.18),0,0.00,2,0.35,0.18,0.50,-0.25
2025-11-21 16:42:00,1883,LONG,24243.25,2025-11-21 16:43:00,1885,24214.25,3,-29.00,6.75,0.00,VALIDATION_FAILED:FastGrad<=-0.9762(need>0.18),0,0.00,2,0.35,0.18,0.50,-0.25
2025-11-21 16:43:30,1886,SHORT,24206.00,2025-11-21 16:45:00,1889,24208.25,4,-2.25,15.75,0.00,VALIDATION_FAILED:FastGrad>=-0.1501(need<-0.18),0,0.00,2,0.35,0.18,0.50,-0.25
2025-11-21 16:45:30,1890,SHORT,24180.75,2025-11-21 16:49:00,1897,24187.25,8,-6.50,68.25,0.00,VALIDATION_FAILED:FastGrad>=3.7313(need<-0.18),0,0.00,2,0.35,0.18,0.50,-0.25
2025-11-21 16:49:30,1898,LONG,24220.25,2025-11-21 16:57:00,1913,24198.25,16,-22.00,61.00,45.50,VALIDATION_FAILED:FastGrad<=-6.8781(need>0.18),0,0.00,2,0.35,0.18,0.50,-0.25
2025-11-21 16:57:30,1914,SHORT,24184.50,2025-11-21 17:01:00,1921,24223.50,8,-39.00,9.00,21.00,VALIDATION_FAILED:FastGrad>=3.0404(need<-0.18),0,0.00,2,0.35,0.18,0.50,-0.25
2025-11-21 17:01:30,1922,SHORT,24157.75,2025-11-21 17:05:30,1930,24141.75,9,16.00,59.75,0.00,VALIDATION_FAILED:FastGrad>=1.0714(need<-0.18),0,0.00,2,0.35,0.18,0.50,-0.25
2025-11-21 17:06:00,1931,LONG,24186.00,2025-11-21 17:08:30,1936,24167.50,6,-18.50,23.25,1.75,VALIDATION_FAILED:FastGrad<=-1.3086(need>0.18),0,0.00,2,0.35,0.18,0.50,-0.25
2025-11-21 17:09:00,1937,SHORT,24127.75,2025-11-21 17:16:00,1951,24135.25,15,-7.50,33.50,31.00,VALIDATION_FAILED:FastGrad>=3.1256(need<-0.18),0,0.00,2,0.35,0.18,0.50,-0.25
2025-11-21 17:16:30,1952,SHORT,24100.75,2025-11-21 17:19:30,1958,24116.50,7,-15.75,42.75,2.50,VALIDATION_FAILED:FastGrad>=4.0631(need<-0.18),0,0.00,2,0.35,0.18,0.50,-0.25
2025-11-21 17:20:00,1959,LONG,24123.00,2025-11-21 17:21:00,1961,24070.50,3,-52.50,7.75,0.00,VALIDATION_FAILED:FastGrad<=-5.2002(need>0.18),0,0.00,2,0.35,0.18,0.50,-0.25
2025-11-21 17:21:30,1962,SHORT,24087.50,2025-11-21 17:23:00,1965,24089.00,4,-1.50,44.25,0.00,VALIDATION_FAILED:FastGrad>=1.2241(need<-0.18),0,0.00,2,0.35,0.18,0.50,-0.25
2025-11-21 17:23:30,1966,LONG,24118.00,2025-11-21 17:27:00,1973,24115.75,8,-2.25,70.50,0.00,VALIDATION_FAILED:FastGrad<=-3.2546(need>0.18),0,0.00,2,0.35,0.18,0.50,-0.25
2025-11-21 17:27:30,1974,SHORT,24122.00,2025-11-21 17:33:00,1985,24077.75,12,44.25,78.50,0.00,VALIDATION_FAILED:FastGrad>=1.6514(need<-0.18),0,0.00,2,0.35,0.18,0.50,-0.25
2025-11-21 17:42:00,2003,LONG,23996.75,2025-11-21 17:43:00,2005,23963.25,3,-33.50,0.00,28.25,VALIDATION_FAILED:FastGrad<=-0.8970(need>0.18),0,0.00,2,0.35,0.18,0.50,-0.25
2025-11-21 17:43:30,2006,LONG,23993.00,2025-11-21 17:52:00,2023,24056.00,18,63.00,100.50,0.00,VALIDATION_FAILED:FastGrad<=-2.0130(need>0.18),0,0.00,2,0.35,0.18,0.50,-0.25
2025-11-21 17:53:00,2025,SHORT,24040.25,2025-11-21 17:54:30,2028,24046.75,4,-6.50,20.50,0.00,VALIDATION_FAILED:GradientsNotNegative(F:-0.2001,S:0.1575),0,0.00,2,0.35,0.18,0.50,-0.25
2025-11-21 17:55:00,2029,LONG,24074.25,2025-11-21 17:58:00,2035,24071.25,7,-3.00,18.25,2.25,VALIDATION_FAILED:FastGrad<=-0.3004(need>0.18),0,0.00,2,0.35,0.18,0.50,-0.25
2025-11-21 17:58:30,2036,SHORT,24030.50,2025-11-21 18:08:00,2055,23992.75,20,37.75,83.50,17.50,VALIDATION_FAILED:FastGrad>=1.2990(need<-0.18),0,0.00,2,0.35,0.18,0.50,-0.25
2025-11-21 18:08:30,2056,LONG,24008.25,2025-11-21 18:17:00,2073,24053.25,18,45.00,74.25,0.00,VALIDATION_FAILED:FastGrad<=-0.6164(need>0.18),0,0.00,2,0.35,0.18,0.50,-0.25
2025-11-21 18:17:30,2074,LONG,24080.25,2025-11-21 18:18:30,2076,24059.75,3,-20.50,0.00,3.00,VALIDATION_FAILED:FastGrad<=-0.5928(need>0.18),0,0.00,2,0.35,0.18,0.50,-0.25
2025-11-21 18:19:00,2077,SHORT,24021.25,2025-11-21 18:21:00,2081,24037.25,5,-16.00,23.75,0.00,VALIDATION_FAILED:FastGrad>=0.8533(need<-0.18),0,0.00,2,0.35,0.18,0.50,-0.25
2025-11-21 18:21:30,2082,LONG,24064.75,2025-11-21 18:32:30,2104,24156.00,23,91.25,131.50,0.00,VALIDATION_FAILED:FastGrad<=-0.8160(need>0.18),0,0.00,2,0.35,0.18,0.50,-0.25
2025-11-21 18:33:00,2105,LONG,24168.75,2025-11-21 18:34:00,2107,24161.00,3,-7.75,0.00,4.00,VALIDATION_FAILED:FastGrad<=-0.1959(need>0.18),0,0.00,2,0.35,0.18,0.50,-0.25
2025-11-21 18:34:30,2108,LONG,24185.75,2025-11-21 18:35:30,2110,24166.25,3,-19.50,10.00,0.00,VALIDATION_FAILED:FastGrad<=-0.8111(need>0.18),0,0.00,2,0.35,0.18,0.50,-0.25
2025-11-21 18:36:00,2111,LONG,24177.75,2025-11-21 18:40:30,2120,24205.25,10,27.50,42.50,0.00,VALIDATION_FAILED:FastGrad<=0.1110(need>0.18),0,0.00,2,0.35,0.18,0.50,-0.25
2025-11-21 18:41:00,2121,LONG,24211.75,2025-11-21 18:44:30,2128,24217.00,8,5.25,15.75,0.00,VALIDATION_FAILED:FastGrad<=0.1412(need>0.18),0,0.00,2,0.35,0.18,0.50,-0.25
2025-11-21 18:45:00,2129,LONG,24223.25,2025-11-21 18:46:00,2131,24195.50,3,-27.75,0.00,1.50,VALIDATION_FAILED:FastGrad<=-3.3043(need>0.18),0,0.00,2,0.35,0.18,0.50,-0.25
2025-11-21 18:46:30,2132,SHORT,24193.00,2025-11-21 18:47:30,2134,24209.50,3,-16.50,0.00,27.50,VALIDATION_FAILED:GradientsNotNegative(F:-0.3673,S:0.1941),0,0.00,2,0.35,0.18,0.50,-0.25
2025-11-21 18:48:30,2136,LONG,24220.25,2025-11-21 19:02:30,2164,24335.75,29,115.50,151.75,0.00,VALIDATION_FAILED:FastGrad<=-0.8858(need>0.18),0,0.00,2,0.35,0.18,0.50,-0.25
2025-11-21 19:04:30,2168,LONG,24342.00,2025-11-21 19:06:00,2171,24337.25,4,-4.75,15.75,0.00,VALIDATION_FAILED:FastGrad<=-0.5680(need>0.18),0,0.00,2,0.35,0.18,0.50,-0.25
2025-11-21 19:06:30,2172,LONG,24346.50,2025-11-21 19:13:00,2185,24353.25,14,6.75,30.25,10.75,VALIDATION_FAILED:FastGrad<=-1.8171(need>0.18),0,0.00,2,0.35,0.18,0.50,-0.25
2025-11-21 19:14:00,2187,SHORT,24346.25,2025-11-21 19:15:30,2190,24359.25,4,-13.00,0.00,7.00,VALIDATION_FAILED:FastGrad>=0.2471(need<-0.18),0,0.00,2,0.35,0.18,0.50,-0.25
2025-11-21 19:16:00,2191,SHORT,24351.50,2025-11-21 19:18:00,2195,24351.75,5,-0.25,8.25,2.75,VALIDATION_FAILED:FastGrad>=-0.0368(need<-0.18),0,0.00,2,0.35,0.18,0.50,-0.25
2025-11-21 19:18:30,2196,SHORT,24348.50,2025-11-21 19:19:30,2198,24356.75,3,-8.25,0.00,8.50,VALIDATION_FAILED:FastGrad>=0.6711(need<-0.18),0,0.00,2,0.35,0.18,0.50,-0.25
2025-11-21 19:20:00,2199,SHORT,24330.50,2025-11-21 19:23:00,2205,24346.00,7,-15.50,16.25,0.25,VALIDATION_FAILED:FastGrad>=1.8210(need<-0.18),0,0.00,2,0.35,0.18,0.50,-0.25
2025-11-21 19:23:30,2206,LONG,24345.50,2025-11-21 19:28:00,2215,24344.25,10,-1.25,43.50,0.00,VALIDATION_FAILED:FastGrad<=-4.2029(need>0.18),0,0.00,2,0.35,0.18,0.50,-0.25
2025-11-21 19:28:30,2216,SHORT,24357.75,2025-11-21 19:30:30,2220,24357.25,5,0.50,20.75,0.00,VALIDATION_FAILED:FastGrad>=0.2521(need<-0.18),0,0.00,2,0.35,0.18,0.50,-0.25
2025-11-21 19:39:00,2237,SHORT,24370.25,2025-11-21 19:43:30,2246,24374.75,10,-4.50,18.50,2.75,VALIDATION_FAILED:FastGrad>=0.7673(need<-0.18),0,0.00,2,0.35,0.18,0.50,-0.25
2025-11-21 19:44:00,2247,LONG,24386.75,2025-11-21 19:47:00,2253,24366.00,7,-20.75,9.25,0.00,VALIDATION_FAILED:FastGrad<=-2.9127(need>0.18),0,0.00,2,0.35,0.18,0.50,-0.25
2025-11-21 19:47:30,2254,SHORT,24370.75,2025-11-21 19:48:30,2256,24378.25,3,-7.50,1.25,0.00,VALIDATION_FAILED:FastGrad>=-0.0219(need<-0.18),0,0.00,2,0.35,0.18,0.50,-0.25
2025-11-21 19:49:00,2257,LONG,24386.00,2025-11-21 19:51:00,2261,24366.00,5,-20.00,15.75,0.00,VALIDATION_FAILED:FastGrad<=-3.2233(need>0.18),0,0.00,2,0.35,0.18,0.50,-0.25
2025-11-21 19:51:30,2262,SHORT,24359.50,2025-11-21 19:55:30,2270,24365.00,9,-5.50,13.50,0.25,VALIDATION_FAILED:FastGrad>=1.0635(need<-0.18),0,0.00,2,0.35,0.18,0.50,-0.25
2025-11-21 19:56:00,2271,LONG,24373.50,2025-11-21 19:57:00,2273,24355.50,3,-18.00,5.50,0.00,VALIDATION_FAILED:FastGrad<=-1.3952(need>0.18),0,0.00,2,0.35,0.18,0.50,-0.25
2025-11-21 19:57:30,2274,SHORT,24356.50,2025-11-21 20:00:30,2280,24350.75,7,5.75,19.25,0.00,VALIDATION_FAILED:FastGrad>=0.0753(need<-0.18),0,0.00,2,0.35,0.18,0.50,-0.25
2025-11-21 20:03:00,2285,SHORT,24342.25,2025-11-21 20:14:00,2307,24260.75,23,81.50,110.00,0.00,VALIDATION_FAILED:FastGrad>=1.0752(need<-0.18),0,0.00,2,0.35,0.18,0.50,-0.25
2025-11-21 20:14:30,2308,SHORT,24248.50,2025-11-21 20:20:00,2319,24239.50,12,9.00,39.75,0.00,VALIDATION_FAILED:FastGrad>=2.2722(need<-0.18),0,0.00,2,0.35,0.18,0.50,-0.25
2025-11-21 20:21:30,2322,LONG,24249.25,2025-11-21 20:24:30,2328,24237.75,7,-11.50,26.50,0.00,VALIDATION_FAILED:FastGrad<=-1.6816(need>0.18),0,0.00,2,0.35,0.18,0.50,-0.25
2025-11-21 20:25:00,2329,SHORT,24235.75,2025-11-21 20:26:00,2331,24254.75,3,-19.00,2.25,0.00,VALIDATION_FAILED:FastGrad>=1.7242(need<-0.18),0,0.00,2,0.35,0.18,0.50,-0.25
2025-11-21 20:26:30,2332,LONG,24262.25,2025-11-21 20:27:30,2334,24244.75,3,-17.50,0.00,20.25,VALIDATION_FAILED:FastGrad<=-0.3533(need>0.18),0,0.00,2,0.35,0.18,0.50,-0.25
2025-11-21 20:28:00,2335,SHORT,24238.00,2025-11-21 20:29:00,2337,24253.50,3,-15.50,0.00,6.25,VALIDATION_FAILED:FastGrad>=1.2673(need<-0.18),0,0.00,2,0.35,0.18,0.50,-0.25
2025-11-21 20:29:30,2338,SHORT,24243.25,2025-11-21 20:30:30,2340,24265.25,3,-22.00,0.00,14.50,VALIDATION_FAILED:FastGrad>=2.5649(need<-0.18),0,0.00,2,0.35,0.18,0.50,-0.25
2025-11-21 20:31:00,2341,LONG,24283.75,2025-11-21 20:42:00,2363,24350.75,23,67.00,85.50,0.00,VALIDATION_FAILED:FastGrad<=-0.7038(need>0.18),0,0.00,2,0.35,0.18,0.50,-0.25
2025-11-21 20:42:30,2364,LONG,24357.25,2025-11-21 20:48:00,2375,24372.25,12,15.00,29.25,0.00,VALIDATION_FAILED:FastGrad<=-0.7595(need>0.18),0,0.00,2,0.35,0.18,0.50,-0.25
